Data;País;Status;IQA;
12/01/2023;Albania;Bom;9;
12/01/2023;Algeria;Moderado;65;
12/01/2023;Andorra;Bom;9;
12/01/2023;Angola;Bom;45;
12/01/2023;Argentina;Bom;19;
12/01/2023;Armenia;Moderado;95;
12/01/2023;Australia;Moderado;59;
12/01/2023;Austria;Bom;24;
12/01/2023;Azerbaijan;Bom;32;
12/01/2023;Bangladesh;Insalubre para grupos sensíveis;141;
12/01/2023;Belarus;Moderado;55;
12/01/2023;Belgium;Bom;11;
12/01/2023;Belize;Bom;45;
12/01/2023;Bermuda;Bom;1;
12/01/2023;Bosnia and Herzegovina;Insalubre;159;
12/01/2023;Brazil;Moderado;57;
12/01/2023;Brunei;Bom;10;
12/01/2023;Bulgaria;Bom;21;
12/01/2023;Burkina Faso;Perigoso;326;
12/01/2023;Cambodia;Bom;15;
12/01/2023;Canada;Moderado;85;
12/01/2023;Cape Verde;Moderado;62;
12/01/2023;Central African Republic;Muito insalubre;261;
12/01/2023;Chad;Insalubre;159;
12/01/2023;Chile;Moderado;51;
12/01/2023;China;Perigoso;339;
12/01/2023;Colombia;Moderado;80;
12/01/2023;Costa Rica;Bom;13;
12/01/2023;Croatia;Bom;28;
12/01/2023;Cyprus;Bom;43;
12/01/2023;Czech Republic;Moderado;66;
12/01/2023;Denmark;Bom;30;
12/01/2023;Dominican Republic;Bom;21;
12/01/2023;Ecuador;Bom;29;
12/01/2023;Egypt;Moderado;86;
12/01/2023;El Salvador;Moderado;52;
12/01/2023;Estonia;Bom;22;
12/01/2023;Ethiopia;Insalubre para grupos sensíveis;150;
12/01/2023;Finland;Bom;16;
12/01/2023;France;Moderado;67;
12/01/2023;French Guiana;Bom;29;
12/01/2023;Gabon;Insalubre para grupos sensíveis;102;
12/01/2023;Georgia;Bom;47;
12/01/2023;Germany;Bom;30;
12/01/2023;Ghana;Moderado;83;
12/01/2023;Greece;Bom;48;
12/01/2023;Grenada;Bom;22;
12/01/2023;Guadeloupe;Bom;14;
12/01/2023;Guam;Bom;1;
12/01/2023;Guatemala;Bom;47;
12/01/2023;Honduras;Bom;32;
12/01/2023;Hong Kong;Moderado;52;
12/01/2023;Iceland;Bom;7;
12/01/2023;India;Perigoso;332;
12/01/2023;Indonesia;Moderado;93;
12/01/2023;Iran;Insalubre para grupos sensíveis;131;
12/01/2023;Iraq;Perigoso;307;
12/01/2023;Ireland;Bom;38;
12/01/2023;Israel;Moderado;75;
12/01/2023;Italy;Moderado;72;
12/01/2023;Ivory Coast;Insalubre para grupos sensíveis;107;
12/01/2023;Japan;Insalubre para grupos sensíveis;128;
12/01/2023;Jersey;Moderado;62;
12/01/2023;Jordan;Bom;21;
12/01/2023;Kazakhstan;Insalubre para grupos sensíveis;105;
12/01/2023;Kenya;Moderado;97;
12/01/2023;Kosovo;Moderado;58;
12/01/2023;Kuwait;Moderado;54;
12/01/2023;Kyrgyzstan;Insalubre para grupos sensíveis;138;
12/01/2023;Laos;Moderado;78;
12/01/2023;Latvia;Bom;29;
12/01/2023;Lebanon;Moderado;76;
12/01/2023;Liberia;Moderado;88;
12/01/2023;Liechtenstein;Bom;14;
12/01/2023;Lithuania;Bom;27;
12/01/2023;Luxembourg;Bom;24;
12/01/2023;Macao;Moderado;63;
12/01/2023;Macedonia;Moderado;65;
12/01/2023;Madagascar;Moderado;62;
12/01/2023;Malaysia;Bom;46;
12/01/2023;Malta;Bom;34;
12/01/2023;Martinique;Bom;36;
12/01/2023;Mexico;Insalubre;162;
12/01/2023;Moldova;Bom;33;
12/01/2023;Monaco;Bom;29;
12/01/2023;Mongolia;Moderado;88;
12/01/2023;Montenegro;Moderado;80;
12/01/2023;Myanmar;Insalubre para grupos sensíveis;138;
12/01/2023;Nepal;Insalubre para grupos sensíveis;114;
12/01/2023;Netherlands;Bom;29;
12/01/2023;New Caledonia;Bom;20;
12/01/2023;New Zealand;Bom;20;
12/01/2023;Nigeria;Insalubre para grupos sensíveis;105;
12/01/2023;Norway;Bom;23;
12/01/2023;Pakistan;Moderado;91;
12/01/2023;Palestinian Territory;Bom;26;
12/01/2023;Peru;Moderado;91;
12/01/2023;Philippines;Moderado;83;
12/01/2023;Poland;Moderado;86;
12/01/2023;Portugal;Bom;20;
12/01/2023;Puerto Rico;Bom;21;
12/01/2023;Qatar;Insalubre;183;
12/01/2023;Reunion;Bom;18;
12/01/2023;Romania;Insalubre para grupos sensíveis;129;
12/01/2023;Russia;Insalubre para grupos sensíveis;103;
12/01/2023;San Marino;Bom;24;
12/01/2023;Saudi Arabia;Insalubre para grupos sensíveis;102;
12/01/2023;Senegal;Bom;33;
12/01/2023;Serbia;Insalubre;165;
12/01/2023;Singapore;Bom;29;
12/01/2023;Slovakia;Moderado;83;
12/01/2023;Slovenia;Moderado;72;
12/01/2023;South Africa;Moderado;83;
12/01/2023;South Korea;Insalubre;161;
12/01/2023;Spain;Modetado;96;
12/01/2023;Sri Lanka;Moderado;92;
12/01/2023;Sudan;Insalubre para grupos sensíveis;107;
12/01/2023;Sweden;Bom;24;
12/01/2023;Switzerland;Bom;24;
12/01/2023;Taiwan;Insalubre para grupos sensíveis;119;
12/01/2023;Tajikistan;Insalubre;151;
12/01/2023;Thailand;Insalubre para grupos sensíveis;149;
12/01/2023;Trinidad and Tobago;Bom;44;
12/01/2023;Turkey;Insalubre;180;
12/01/2023;Turkmenistan;Moderado;68;
12/01/2023;Uganda;Insalubre para grupos sensíveis;143;
12/01/2023;Ukraine;Moderado;82;
12/01/2023;United Arab Emirates;Moderado;57;
12/01/2023;United Kingdom of Great Britain and Northern Ireland;Bom;46;
12/01/2023;United States of America;Insalubre para grupos sensíveis;130;
12/01/2023;Uzbekistan;Insalubre;152;
12/01/2023;Vatican;Bom;46;
12/01/2023;Venezuela;Bom;24;
12/01/2023;Vietnam;Insalubre para grupos sensíveis;105;
12/01/2023;Zambia;Moderado;59;
30/03/2023;Albania;Moderado;72;
30/03/2023;Algeria;Bom;50;
30/03/2023;Andorra;Bom;35;
30/03/2023;Angola;Moderado;80;
30/03/2023;Argentina;Bom;25;
30/03/2023;Armenia;Bom;30;
30/03/2023;Australia;Bom;29;
30/03/2023;Austria;Bom;24;
30/03/2023;Azerbaijan;Bom;40;
30/03/2023;Bangladesh;Insalubre para grupos sensíveis;150;
30/03/2023;Belarus;Moderado;54;
30/03/2023;Belgium;Bom;32;
30/03/2023;Belize;Bom;29;
30/03/2023;Bermuda;Bom;10;
30/03/2023;Bolivia;Bom;8;
30/03/2023;Bosnia and Herzegovina;Moderado;61;
30/03/2023;Brazil;Moderado;58;
30/03/2023;Brunei;Bom;10;
30/03/2023;Bulgaria;Bom;31;
30/03/2023;Burkina Faso;Perigoso;327;
30/03/2023;Cambodia;Moderado;87;
30/03/2023;Canada;Moderado;66;
30/03/2023;Cape Verde;Moderado;53;
30/03/2023;Cayman Islands;Bom;10;
30/03/2023;Central African Republic;Insalubre;156;
30/03/2023;Chad;Insalubre;155;
30/03/2023;Chile;Moderado;71;
30/03/2023;China;Muito insalubre;273;
30/03/2023;Colombia;Moderado;86;
30/03/2023;Costa Rica;Bom;14;
30/03/2023;Croatia;Bom;28;
30/03/2023;Cyprus;Bom;44;
30/03/2023;Czech Republic;Moderado;82;
30/03/2023;Denmark;Bom;33;
30/03/2023;Dominican Republic;Bom;19;
30/03/2023;Ecuador;Moderado;78;
30/03/2023;Egypt;Bom;33;
30/03/2023;El Salvador;Moderado;96;
30/03/2023;Estonia;Bom;25;
30/03/2023;Ethiopia;Insalubre;151;
30/03/2023;Finland;Moderado;69;
30/03/2023;France;Moderado;62;
30/03/2023;French Guiana;Bom;33;
30/03/2023;Gabon;Moderado;69;
30/03/2023;Georgia;Bom;34;
30/03/2023;Germany;Bom;50;
30/03/2023;Ghana;Moderado;54;
30/03/2023;Gibraltar;Bom;45;
30/03/2023;Greece;Bom;39;
30/03/2023;Grenada;Bom;2;
30/03/2023;Guadeloupe;Bom;14;
30/03/2023;Guam;Bom;8;
30/03/2023;Guatemala;Moderado;53;
30/03/2023;Honduras;Bom;33;
30/03/2023;Hong Kong;Moderado;58;
30/03/2023;Iceland;Bon;24;
30/03/2023;India;Insalubre;172;
30/03/2023;Indonesia;Moderado;66;
30/03/2023;Iran;Moderado;91;
30/03/2023;Iraq;Moderado;65;
30/03/2023;Ireland;Moderado;52;
30/03/2023;Israel;Moderado;57;
30/03/2023;Italy;Moderado;52;
30/03/2023;Ivory Coast;Moderado;63;
30/03/2023;Japan;Moderado;80;
30/03/2023;Jersey;Moderado;64;
30/03/2023;Jordan;Bom;23;
30/03/2023;Kazakhstan;Insalubre para grupos sensíveis;104;
30/03/2023;Kenya;Moderado;77;
30/03/2023;Kosovo;Bom;29;
30/03/2023;Kuwait;Moderado;65;
30/03/2023;Kyrgyzstan;Moderado;90;
30/03/2023;Laos;Insalubre;188;
30/03/2023;Latvia;Bom;50;
30/03/2023;Lebanon;Moderado;51;
30/03/2023;Liechtenstein;Bom;28;
30/03/2023;Lithuania;Bom;23;
30/03/2023;Luxembourg;Bom;27;
30/03/2023;Macao;Moderado;55;
30/03/2023;Macedonia;Insalubre para grupos sensíveis;105;
30/03/2023;Madagascar;Bom;37;
30/03/2023;Malaysia;Moderado;63;
30/03/2023;Malta;Bon;30;
30/03/2023;Martinique;Bom;18;
30/03/2023;Mexico;Insalubre;156;
30/03/2023;Moldova;Bom;43;
30/03/2023;Monaco;Bom;23;
30/03/2023;Mongolia;Moderado;88;
30/03/2023;Montenegro;Moderado;62;
30/03/2023;Myanmar;Muito insalubre;298;
30/03/2023;Nepal;Insalubre;173;
30/03/2023;Netherlands;Bom;50;
30/03/2023;New Caledonia;Bom;27;
30/03/2023;New Zealand;Bom;24;
30/03/2023;Nigeria;Moderado;74;
30/03/2023;Norway;Moderado;53;
30/03/2023;Pakistan;Moderado;66;
30/03/2023;Palestinian Territory;Bom;36;
30/03/2023;Peru;Bom;46;
30/03/2023;Philippines;Moderado;52;
30/03/2023;Poland;Moderado;91;
30/03/2023;Portugal;Bom;26;
30/03/2023;Puerto Rico;Bom;5;
30/03/2023;Qatar;Moderado;82;
30/03/2023;Reunion;Bom;10;
30/03/2023;Romania;Insalubre para grupos sensíveis;134;
30/03/2023;Russia;Moderado;60;
30/03/2023;San Marino;Bom;40;
30/03/2023;Saudi Arabia;Insalubre para grupos sensíveis;102;
30/03/2023;Senegal;Moderado;51;
30/03/2023;Serbia;Insalubre;162;
30/03/2023;Singapore;Bomm;46;
30/03/2023;Slovakia;Moderado;69;
30/03/2023;Slovenia;Bom;34;
30/03/2023;South Africa;Insalubre para grupos sensíveis;117;
30/03/2023;South Korea;Insalubre;163;
30/03/2023;Spain;Moderado;72;
30/03/2023;Sri Lanka;Moderado;55;
30/03/2023;Sudan;Insalubre;160;
30/03/2023;Sweden;Bom;44;
30/03/2023;Switzerland;Bom;31;
30/03/2023;Taiwan;Moderado;95;
30/03/2023;Tajikistan;Moderado;77;
30/03/2023;Thailand;Perigoso;380;
30/03/2023;Togo;Moderado;92;
30/03/2023;Trinidad and Tobago;Bom;48;
30/03/2023;Turkey;Moderado;89;
30/03/2023;Turkmenistan;Bom;46;
30/03/2023;Uganda;Insalubre para grupos sensíveis;125;
30/03/2023;Ukraine;Insalubre para grupos sensíveis;117;
30/03/2023;United Arab Emirates;Moderado;55;
30/03/2023;United Kingdom of Great Britain and Northern Ireland;Moderado;64;
30/03/2023;United States of America;Moderado;87;
30/03/2023;Uzbekistan;Moderado;81;
30/03/2023;Vatican;Bom;50;
30/03/2023;Venezuela;Bom;8;
30/03/2023;Vietnam;Insalubre para grupos sencíveis;150;
30/03/2023;Zambia;Bom;21;
06/04/2023;Albania;Moderado;66;
06/04/2023;Algeria;Moderado;55;
06/04/2023;Andorra;Bom;19;
06/04/2023;Angola;Moderado;66;
06/04/2023;Argentina;Bom;18;
06/04/2023;Armenia;Bom;42;
06/04/2023;Australia;Moderado;66;
06/04/2023;Austria;Moderado;56;
06/04/2023;Azerbaijan;Bom;44;
06/04/2023;Bahrain;Moderado;93;
06/04/2023;Bangladesh;Insalubre para grupos sensíveis;135;
06/04/2023;Belarus;Moderado;61;
06/04/2023;Belgium;Moderado;84;
06/04/2023;Belize;Bom;23;
06/04/2023;Bermuda;Bom;15;
06/04/2023;Bolivia;Bom;4;
06/04/2023;Bosnia and Herzegovina;Moderado;87;
06/04/2023;Brazil;Moderado;59;
06/04/2023;Brunei;Bom;13;
06/04/2023;Bulgaria;Bom;20;
06/04/2023;Burkina Faso;Perigoso;304;
06/04/2023;Cambodia;Moderado;65;
06/04/2023;Canada;Moderado;66;
06/04/2023;Cape Verde;Bom;27;
06/04/2023;Cayman Islands;Moderado;62;
06/04/2023;Central African Republic;Insalubre para grupos sencíveis;139;
06/04/2023;Chad;Insalubre;172;
06/04/2023;Chile;Moderado;72;
06/04/2023;China;Perigoso;325;
06/04/2023;Colombia;Moderado;92;
06/04/2023;Costa Rica;Bom;17;
06/04/2023;Croatia;Bom;47;
06/04/2023;Cyprus;Moderado;55;
06/04/2023;Czech Republic;Insalubre para grupos sensíveis;131;
06/04/2023;Denmark;Bom;27;
06/04/2023;Dominican Republic;Bom;20;
06/04/2023;Ecuador;Bom;23;
06/04/2023;Egypt;Bom;38;
06/04/2023;El Salvador;Moderado;80;
06/04/2023;Estonia;Bom;30;
06/04/2023;Ethiopia;Moderado;93;
06/04/2023;Finland;Moderado;69;
06/04/2023;France;Moderado;82;
06/04/2023;French Guiana;Moderado;100;
06/04/2023;Gabon;Moderrado;54;
06/04/2023;Georgia;Moderado;61;
06/04/2023;Germany;Moderado;74;
06/04/2023;Ghana;Moderado;56;
06/04/2023;Gibraltar;Bom;40;
06/04/2023;Greece;Moderado;55;
06/04/2023;Grenada;Bom;40;
06/04/2023;Guadeloupe;Bom;18;
06/04/2023;Guam;Bom;2;
06/04/2023;Guatemala;Insalubre para grupos sensíveis;131;
06/04/2023;Honduras;Insalubre para grupos sensíveis;141;
06/04/2023;Hong Kong;Moderado;62;
06/04/2023;Iceland;Bom;13;
06/04/2023;India;Insalubre;174;
06/04/2023;Indonesia;Moderado;80;
06/04/2023;Iran;Insalubre para grupos sensíveis;118;
06/04/2023;Iraq;Insalubre para grupos sensíveis;112;
06/04/2023;Ireland;Bom;27;
06/04/2023;Israel;Moderado;77;
06/04/2023;Italy;Moderado;69;
06/04/2023;Ivory Coast;Bom;50;
06/04/2023;Japan;Moderado;80;
06/04/2023;Jersey;Moderado;53;
06/04/2023;Jordan;Bom;22;
06/04/2023;Kazakhstan;Moderado;84;
06/04/2023;Kenya;Bom;43;
06/04/2023;Kosovo;Moderado;59;
06/04/2023;Kuwait;Moderado;95;
06/04/2023;Kyrgyzstan;Moderado;61;
06/04/2023;Laos;Muito insalubre;280;
06/04/2023;Latvia;Bom;33;
06/04/2023;Lebanon;Moderado;53;
06/04/2023;Liberia;Moderado;93;
06/04/2023;Liechtenstein;Bom;17;
06/04/2023;Lithuania;Bom;21;
06/04/2023;Luxembourg;Moderado;56;
06/04/2023;Macao;Moderado;63;
06/04/2023;Macedonia;Moderado;65;
06/04/2023;Madagascar;Moderado;75;
06/04/2023;Malaysia;Moderado;67;
06/04/2023;Malta;Bom;32;
06/04/2023;Martinique;Bom;44;
06/04/2023;Mexico;Insalubre para grupos sensíveis;130;
06/04/2023;Moldova;Bom;20;
06/04/2023;Monaco;Bom;33;
06/04/2023;Mongolia;Moderado;77;
06/04/2023;Montenegro;Moderado;51;
06/04/2023;Myanmar;Perigoso;345;
06/04/2023;Nepal;Moderado;91;
06/04/2023;Netherlands;Moderado;85;
06/04/2023;New Caledonia;Bom;23;
06/04/2023;New Zealand;Bom;27;
06/04/2023;Nigeria;Moderado;99;
06/04/2023;Norway;Bom;21;
06/04/2023;Pakistan;Moderado;66;
06/04/2023;Palestinian Territory;Moderado;52;
06/04/2023;Peru;Bom;47;
06/04/2023;Philippines;Bom;33;
06/04/2023;Poland;Insalubre para grupos sensíveis;132;
06/04/2023;Portugal;Bom;33;
06/04/2023;Puerto Rico;Bom;3;
06/04/2023;Qatar;Moderado;66;
06/04/2023;Reunion;Bom;14;
06/04/2023;Romania;Moderado;89;
06/04/2023;Russia;Moderado;70;
06/04/2023;San Marino;Bom;38;
06/04/2023;Saudi Arabia;Moderado;81;
06/04/2023;Senegal;Moderado;51;
06/04/2023;Serbia;Insalubre para grupos sensíveis;143;
06/04/2023;Singapore;Bom;46;
06/04/2023;Slovakia;Moderado;68;
06/04/2023;Slovenia;Moderado;68;
06/04/2023;South Africa;Moderado;84;
06/04/2023;South Korea;Muito insalubre;271;
06/04/2023;Spain;Moderado;71;
06/04/2023;Sri Lanka;Bom;44;
06/04/2023;Sudan;Insalubre para grupos sensíveis;149;
06/04/2023;Sweden;Bom;48;
06/04/2023;Switzerland;Bom;23;
06/04/2023;Taiwan;Moderado;82;
06/04/2023;Tajikistan;Bom;48;
06/04/2023;Thailand;Perigoso;437;
06/04/2023;Togo;Moderado;76;
06/04/2023;Trinidad and Tobago;Moderado;74;
06/04/2023;Turkey;Insalubre para grupos sensíveis;113;
06/04/2023;Turkmenistan;Moderado;70;
06/04/2023;Uganda;Moderado;98;
06/04/2023;Ukraine;Moderado;71;
06/04/2023;United Arab Emirates;Moderado;68;
06/04/2023;United Kingdom of Great Britain and Northern Ireland;Moderado;64;
06/04/2023;United States of America;Moderado;86;
06/04/2023;Uzbekistan;Bom;25;
06/04/2023;Vatican;Bom;38;
06/04/2023;Venezuela;Bom;40;
06/04/2023;Vietnam;Imsalubre;155;
06/04/2023;Zambia;Moderrado;70;
13/04/2023;Albania;Bom;16;
13/04/2023;Algeria;Moderado;55;
13/04/2023;Andorra;Bom;16;
13/04/2023;Angola;Moderado;59;
13/04/2023;Argentina;Bom;15;
13/04/2023;Armenia;Bom;21;
13/04/2023;Australia;Bom;46;
13/04/2023;Austria;Bom;18;
13/04/2023;Azerbaijan;Moderado;57;
13/04/2023;Bahrain;Moderado;87;
13/04/2023;Bangladesh;Insalubre;164;
13/04/2023;Belarus;Moderado;56;
13/04/2023;Belgium;Bom;28;
13/04/2023;Belize;Bom;38;
13/04/2023;Bermuda;Bom;9;
13/04/2023;Bolivia;Bom;8;
13/04/2023;Bosnia and Herzegovina;Moderado;63;
13/04/2023;Brazil;Moderado;58;
13/04/2023;Brunei;Bom;17;
13/04/2023;Bulgaria;Bom;24;
13/04/2023;Burkina Faso;Perigoso;326;
13/04/2023;Cambodia;Insalubre para grupos sensíveis;115;
13/04/2023;Canada;Moderado;63;
13/04/2023;Cape Verde;Moderado;73;
13/04/2023;Cayman Islands;Bom;29;
13/04/2023;Central African Republic;Insalubre para grupos sensíveis;142;
13/04/2023;Chad;Perigoso;420;
13/04/2023;Chile;Moderado;98;
13/04/2023;China;Perigoso;560;
13/04/2023;Colombia;Moderado;80;
13/04/2023;Costa Rica;Bom;25;
13/04/2023;Croatia;Moderado;61;
13/04/2023;Cyprus;Bom;40;
13/04/2023;Czech Republic;Moderado;81;
13/04/2023;Denmark;Bom;23;
13/04/2023;Dominican Republic;Moderado;56;
13/04/2023;Ecuador;Moderado;52;
13/04/2023;Egypt;Moderado;56;
13/04/2023;El Salvador;Moderado;96;
13/04/2023;Estonia;Bom;34;
13/04/2023;Ethiopia;Moderado;95;
13/04/2023;Finland;Moderado;63;
13/04/2023;France;Bom;45;
13/04/2023;French Guiana;Bom;16;
13/04/2023;Gabon;Moderado;62;
13/04/2023;Georgia;Moderado;79;
13/04/2023;Germany;Bom;41;
13/04/2023;Ghana;Moderado;67;
13/04/2023;Gibraltar;Bom;17;
13/04/2023;Greece;Moderado;54;
13/04/2023;Grenada;Bom;8;
13/04/2023;Guadeloupe;Bom;12;
13/04/2023;Guam;Bom;4;
13/04/2023;Guatemala;Moderado;99;
13/04/2023;Honduras;Insalubre;179;
13/04/2023;Hong Kong;Moderado;82;
13/04/2023;Iceland;Bom;12;
13/04/2023;India;Muito insalubre;231;
13/04/2023;Indonesia;Moderado;75;
13/04/2023;Iran;Insalubre para grupos sensíveis;123;
13/04/2023;Iraq;Moderado;82;
13/04/2023;Ireland;Bom;31;
13/04/2023;Israel;Moderado;52;
13/04/2023;Italy;Moderado;59;
13/04/2023;Ivory Coast;Insalubre para grupos sensíveis;107;
13/04/2023;Japan;Insalubre para grupos sensíveis;118;
13/04/2023;Jersey;Bom;22;
13/04/2023;Jordan;Bom;25;
13/04/2023;Kazakhstan;Moderado;79;
13/04/2023;Kenya;Insalubre para grupos sensíveis;101;
13/04/2023;Kosovo;Bom;37;
13/04/2023;Kuwait;Insalubre para grupos sensíveis;111;
13/04/2023;Kyrgyzstan;Bom;48;
13/04/2023;Laos;Muito insalubre;205;
13/04/2023;Latvia;Moderado;53;
13/04/2023;Lebanon;Moderado;60;
13/04/2023;Liberia;Bom;40;
13/04/2023;Liechtenstein;Bom;4;
13/04/2023;Lithuania;Bom;30;
13/04/2023;Luxembourg;Bom;27;
13/04/2023;Macao;Moderado;80;
13/04/2023;Macedonia;Moderado;69;
13/04/2023;Madagascar;Moderado;67;
13/04/2023;Malaysia;Moderado;99;
13/04/2023;Malta;Moderado;54;
13/04/2023;Martinique;Bom;20;
13/04/2023;Mexico;Insalubre para grupos sensíveis;127;
13/04/2023;Moldova;Bom;33;
13/04/2023;Monaco;Bom;24;
13/04/2023;Mongolia;Moderado;75;
13/04/2023;Montenegro;Moderado;68;
13/04/2023;Myanmar;Perigoso;306;
13/04/2023;Nepal;Insalubre;200;
13/04/2023;Netherlands;Bom;31;
13/04/2023;New Caledonia;Bom;22;
13/04/2023;New Zealand;Bom;16;
13/04/2023;Nigeria;Imsalubre para grupos sensíveis;110;
13/04/2023;Norway;Moderado;56;
13/04/2023;Pakistan;Moderado;98;
13/04/2023;Palestinian Territory;Bom;31;
13/04/2023;Peru;Bom;47;
13/04/2023;Philippines;Moderado;98;
13/04/2023;Poland;Insalubre para grupos sensíveis;103;
13/04/2023;Portugal;Bom;30;
13/04/2023;Puerto Rico;Bom;10;
13/04/2023;Qatar;Moderado;77;
13/04/2023;Reunion;Bom;12;
13/04/2023;Romania;Moderado;94;
13/04/2023;Russia;Moderado;96;
13/04/2023;San Marino;Bom;39;
13/04/2023;Saudi Arabia;Moderado;88;
13/04/2023;Senegal;Bom;39;
13/04/2023;Serbia;Insalubre para grupos sensíveis;102;
13/04/2023;Singapore;Moderado;86;
13/04/2023;Slovakia;Moderado;63;
13/04/2023;Slovenia;Moderado;53;
13/04/2023;South Africa;Insalubre para grupos sensíveis;117;
13/04/2023;South Korea;Insalubre para grupos sensíveis;149;
13/04/2023;Spain;Moderado;92;
13/04/2023;Sri Lanka;Insalubre para grupos sensíveis;101;
13/04/2023;Sudan;Insalubre;182;
13/04/2023;Sweden;Moderado;57;
13/04/2023;Switzerland;Bom;27;
13/04/2023;Taiwan;Insalubre para grupos sensíveis;133;
13/04/2023;Tajikistan;Moderado;70;
13/04/2023;Thailand;Muito insalubre;300;
13/04/2023;Togo;Insalubre para grupos sensíveis;129;
13/04/2023;Trinidad and Tobago;Bom;28;
13/04/2023;Turkey;Moderado;83;
13/04/2023;Turkmenistan;Insalubre para grupos sensíveis;129;
13/04/2023;Uganda;Moderado;72;
13/04/2023;Ukraine;Moderado;77;
13/04/2023;United Arab Emirates;Insalubre;194;
13/04/2023;United Kingdom of Great Britain and Northern Ireland;Bom;44;
13/04/2023;United States of America;Insalubre para grupos sensíveis;123;
13/04/2023;Uzbekistan;Bom;44;
13/04/2023;Vatican;Bom;46;
13/04/2023;Venezuela;Bom;46;
13/04/2023;Vietnam;Insalubre para grupos sensíveis;134;
13/04/2023;Zambia;Bom;39;
20/04/2023;Albania;Bom;19;
20/04/2023;Algeria;Moderado;53;
20/04/2023;Andorra;Bom;30;
20/04/2023;Angola;Moderado;71;
20/04/2023;Argentina;Bom;50;
20/04/2023;Armenia;Bom;27;
20/04/2023;Australia;Bom;32;
20/04/2023;Austria;Moderado;60;
20/04/2023;Azerbaijan;Bom;43;
20/04/2023;Bahrain;Imsalubre;153;
20/04/2023;Bangladesh;Insalubre;163;
20/04/2023;Belarus;Moderado;68;
20/04/2023;Belgium;Moderado;51;
20/04/2023;Belize;Bom;12;
20/04/2023;Bermuda;Bom;12;
20/04/2023;Bolivia;Bom;4;
20/04/2023;Bosnia and Herzegovina;Moderado;69;
20/04/2023;Brazil;Moderado;55;
20/04/2023;Brunei;Bom;14;
20/04/2023;Bulgaria;Bom;19;
20/04/2023;Burkina Faso;Perigoso;309;
20/04/2023;Cambodia;Moderado;84;
20/04/2023;Canada;Bom;37;
20/04/2023;Cape Verde;Bom;13;
20/04/2023;Cayman Islands;Bom;26;
20/04/2023;Central African Republic;Insalubre;191;
20/04/2023;Chad;Perigoso;420;
20/04/2023;Chile;Insalubre para grupos sensíveis;134;
20/04/2023;China;Perigoso;963;
20/04/2023;Colombia;Moderado;76;
20/04/2023;Costa Rica;Bom;41;
20/04/2023;Croatia;Bom;49;
20/04/2023;Cyprus;Bom;41;
20/04/2023;Czech Republic;Moderado;88;
20/04/2023;Denmark;Bom;30;
20/04/2023;Dominican Republic;Bom;34;
20/04/2023;Ecuador;Bom;48;
20/04/2023;Egypt;Bom;46;
20/04/2023;El Salvador;Insalubre para grupos sensíveis;131;
20/04/2023;Estonia;Bom;26;
20/04/2023;Ethiopia;Insalubre para grupos sensíveis;104;
20/04/2023;Finland;Moderado;91;
20/04/2023;France;Moderado;57;
20/04/2023;French Guiana;Bom;23;
20/04/2023;Gabon;Insalubre para grupos sensíveis;130;
20/04/2023;Georgia;Moderado;72;
20/04/2023;Germany;Moderado;70;
20/04/2023;Ghana;Insalubre para grupos sensíveis;103;
20/04/2023;Gibraltar;Bom;39;
20/04/2023;Greece;Bom;45;
20/04/2023;Grenada;Bom;17;
20/04/2023;Guadeloupe;Bom;22;
20/04/2023;Guam;Bom;15;
20/04/2023;Guatemala;Insalubre para grupos sensíveis;125;
20/04/2023;Honduras;Insalubre;178;
20/04/2023;Hong Kong;Moderado;76;
20/04/2023;Iceland;Bom;28;
20/04/2023;India;Muito insalubre;235;
20/04/2023;Indonesia;Moderado;68;
20/04/2023;Iran;Insalubre para grupos sensíveis;120;
20/04/2023;Iraq;Insalubre;154;
20/04/2023;Ireland;Moderado;62;
20/04/2023;Israel;Moderado;88;
20/04/2023;Italy;Moderado;61;
20/04/2023;Ivory Coast;Insalubre para grupos sensíveis;104;
20/04/2023;Japan;Insalubre para grupos sensíveis;131;
20/04/2023;Jersey;Insalubre para grupos sensíveis;105;
20/04/2023;Jordan;Bom;33;
20/04/2023;Kazakhstan;Moderado;90;
20/04/2023;Kenya;Moderado;53;
20/04/2023;Kosovo;Moderado;52;
20/04/2023;Kuwait;Insalubre para grupos sensíveis;121;
20/04/2023;Kyrgyzstan;Moderado;88;
20/04/2023;Laos;Insalubre;169;
20/04/2023;Latvia;Bom;34;
20/04/2023;Lebanon;Moderado;91;
20/04/2023;Liberia;Moderado;79;
20/04/2023;Liechtenstein;Bom;10;
20/04/2023;Lithuania;Bom;32;
20/04/2023;Luxembourg;Bom;42;
20/04/2023;Macao;Insalubre para grupos sensíveis;144;
20/04/2023;Macedonia;Moderado;57;
20/04/2023;Madagascar;Bom;48;
20/04/2023;Malaysia;Moderado;87;
20/04/2023;Malta;Bom;35;
20/04/2023;Martinique;Bom;38;
20/04/2023;Mexico;Insalubre para grupos sensíveis;131;
20/04/2023;Moldova;Bom;26;
20/04/2023;Monaco;Bom;34;
20/04/2023;Mongolia;Moderado;68;
20/04/2023;Montenegro;Bom;50;
20/04/2023;Myanmar;Insalubre;175;
20/04/2023;Nepal;Insalubre;172;
20/04/2023;Netherlands;Bom;34;
20/04/2023;New Caledonia;Bom;12;
20/04/2023;New Zealand;Bom;33;
20/04/2023;Nigeria;Insalubre para grupos sensíveis;104;
20/04/2023;Norway;Moderado;67;
20/04/2023;Pakistan;Bom;47;
20/04/2023;Palestinian Territory;Bom;49;
20/04/2023;Peru;Moderado;61;
20/04/2023;Philippines;Bom;47;
20/04/2023;Poland;Moderado;85;
20/04/2023;Portugal;Bom;35;
20/04/2023;Puerto Rico;Bom;9;
20/04/2023;Qatar;Insalubre para grupos sensíveis;111;
20/04/2023;Reunion;Bom;12;
20/04/2023;Romania;Insalubre para grupos sensíveis;106;
20/04/2023;Russia;Moderado;76;
20/04/2023;San Marino;Bom;46;
20/04/2023;Saudi Arabia;Moderado;63;
20/04/2023;Senegal;Bom;29;
20/04/2023;Serbia;Moderado;99;
20/04/2023;Singapore;Moderado;51;
20/04/2023;Slovakia;Moderado;61;
20/04/2023;Slovenia;Bom;41;
20/04/2023;South Africa;Insalubre;155;
20/04/2023;South Korea;Moderado;96;
20/04/2023;Spain;Moderado;71;
20/04/2023;Sri Lanka;Moderado;78;
20/04/2023;Sudan;Insalubre para grupos sensíveis;124;
20/04/2023;Sweden;Insalubre para grupos sensíveis;122;
20/04/2023;Switzerland;Bom;28;
20/04/2023;Taiwan;Moderado;61;
20/04/2023;Tajikistan;Moderado;93;
20/04/2023;Thailand;Insalubre;196;
20/04/2023;Togo;Insalubre para grupos sensíveis;104;
20/04/2023;Trinidad and Tobago;Bom;40;
20/04/2023;Turkey;Moderado;96;
20/04/2023;Turkmenistan;Moderado;68;
20/04/2023;Uganda;Moderado;95;
20/04/2023;Ukraine;Moderado;68;
20/04/2023;United Arab Emirates;Moderado;74;
20/04/2023;United Kingdom of Great Britain and Northern Ireland;Moderado;63;
20/04/2023;United States of America;Moderado;98;
20/04/2023;Uzbekistan;Moderado;60;
20/04/2023;Vatican;Bom;46;
20/04/2023;Venezuela;Bom;21;
20/04/2023;Vietnam;Insalubre;153;
20/04/2023;Zambia;Bom;29;
27/04/2023;Albania;Bom;11;
27/04/2023;Andorra;Bom;23;
27/04/2023;Angola;Moderado;94;
27/04/2023;Argentina;Moderado;82;
27/04/2023;Armenia;Bom;24;
27/04/2023;Australia;Bom;46;
27/04/2023;Austria;Bom;41;
27/04/2023;Azerbaijan;Bom;37;
27/04/2023;Bahrain;Moderado;57;
27/04/2023;Bangladesh;Insalubre;162;
27/04/2023;Belarus;Bom;21;
27/04/2023;Belgium;Moderado;64;
27/04/2023;Belize;Moderado;61;
27/04/2023;Bermuda;Bom;14;
27/04/2023;Bolivia;Bom;13;
27/04/2023;Bosnia and Herzegovina;Moderado;58;
27/04/2023;Brazil;Moderado;59;
27/04/2023;Brunei;Bom;10;
27/04/2023;Bulgaria;Bom;27;
27/04/2023;Burkina Faso;Perigoso;303;
27/04/2023;Cambodia;Moderado;64;
27/04/2023;Canada;Moderado;65;
27/04/2023;Cape Verde;Bom;12;
27/04/2023;Cayman Islands;Bom;23;
27/04/2023;Central African Republic;Bom;17;
27/04/2023;Chile;Insalubre;188;
27/04/2023;China;Insalubre;166;
27/04/2023;Colombia;Moderado;78;
27/04/2023;Costa Rica;Moderado;88;
27/04/2023;Croatia;Bom;36;
27/04/2023;Cyprus;Moderado;53;
27/04/2023;Czech Republic;Moderado;69;
27/04/2023;Denmark;Bom;22;
27/04/2023;Dominican Republic;Bom;29;
27/04/2023;Ecuador;Moderado;69;
27/04/2023;Egypt;Bom;46;
27/04/2023;El Salvador;Insalubre para grupos sensíveis;111;
27/04/2023;Estonia;Bom;21;
27/04/2023;Ethiopia;Insalubre para grupos sensíveis;137;
27/04/2023;Finland;Bom;37;
27/04/2023;France;Moderado;62;
27/04/2023;French Guiana;Bom;19;
27/04/2023;Gabon;Moderado;67;
27/04/2023;Georgia;Moderado;72;
27/04/2023;Germany;Moderado;57;
27/04/2023;Ghana;Moderado;72;
27/04/2023;Gibraltar;Bom;50;
27/04/2023;Greece;Bom;35;
27/04/2023;Grenada;Bom;9;
27/04/2023;Guadeloupe;Bom;7;
27/04/2023;Guam;Bom;8;
27/04/2023;Guatemala;Insalubre para grupos sensíveis;141;
27/04/2023;Honduras;Insalubre;160;
27/04/2023;Hong Kong;Moderado;74;
27/04/2023;Iceland;Bom;6;
27/04/2023;India;Muito insalubre;256;
27/04/2023;Indonesia;Moderado;67;
27/04/2023;Iran;Insalubre para grupos sensíveis;121;
27/04/2023;Iraq;Insalubre;158;
27/04/2023;Ireland;Moderado;54;
27/04/2023;Israel;Moderado;73;
27/04/2023;Italy;Bom;42;
27/04/2023;Ivory Coast;Moderado;72;
27/04/2023;Japan;Moderado;85;
27/04/2023;Jersey;Insalubre;153;
27/04/2023;Jordan;Bom;29;
27/04/2023;Kazakhstan;Moderado;85;
27/04/2023;Kenya;Moderado;60;
27/04/2023;Kosovo;Bom;42;
27/04/2023;Kuwait;Moderado;78;
27/04/2023;Kyrgyzstan;Moderado;74;
27/04/2023;Laos;Moderado;98;
27/04/2023;Latvia;Bom;16;
27/04/2023;Lebanon;Insalubre para grupos sensíveis;126;
27/04/2023;Liberia;Moderado;62;
27/04/2023;Liechtenstein;Bom;9;
27/04/2023;Lithuania;Bom;22;
27/04/2023;Luxembourg;Bom;44;
27/04/2023;Macao;Moderado;91;
27/04/2023;Macedonia;Bom;46;
27/04/2023;Madagascar;Insalubre;155;
27/04/2023;Malaysia;Moderado;58;
27/04/2023;Malta;Bom;44;
27/04/2023;Martinique;Bom;9;
27/04/2023;Mexico;Insalubre para grupos sensíveis;150;
27/04/2023;Moldova;Bom;13;
27/04/2023;Monaco;Bom;25;
27/04/2023;Mongolia;Moderado;65;
27/04/2023;Montenegro;Bom;46;
27/04/2023;Myanmar;Insalubre para grupos sensíveis;118;
27/04/2023;Nepal;Insalubre;151;
27/04/2023;Netherlands;Bom;46;
27/04/2023;New Caledonia;Bom;21;
27/04/2023;New Zealand;Bom;30;
27/04/2023;Nigeria;Moderado;92;
27/04/2023;Norway;Bom;31;
27/04/2023;Pakistan;Moderado;85;
27/04/2023;Palestinian Territory;Bom;35;
27/04/2023;Peru;Bom;43;
27/04/2023;Philippines;Moderado;57;
27/04/2023;Poland;Moderado;82;
27/04/2023;Portugal;Bom;18;
27/04/2023;Puerto Rico;Bom;20;
27/04/2023;Qatar;Bom;42;
27/04/2023;Reunion;Bom;18;
27/04/2023;Romania;Moderado;68;
27/04/2023;Russia;Moderado;77;
27/04/2023;San Marino;Bom;35;
27/04/2023;Saudi Arabia;Moderado;61;
27/04/2023;Senegal;Moderado;98;
27/04/2023;Serbia;Insalubre para grupos sensíveis;101;
27/04/2023;Singapore;Bom;33;
27/04/2023;Slovakia;Bom;50;
27/04/2023;Slovenia;Bom;37;
27/04/2023;South Africa;Insalubre para grupos sensíveis;141;
27/04/2023;South Korea;Insalubre para grupos sensíveis;104;
27/04/2023;Spain;Moderado;72;
27/04/2023;Sri Lanka;Moderado;57;
27/04/2023;Sudan;Insalubre;151;
27/04/2023;Sweden;Bom;38;
27/04/2023;Switzerland;Bom;15;
27/04/2023;Taiwan;Moderado;82;
27/04/2023;Tajikistan;Moderado;58;
27/04/2023;Thailand;Insalubre;151;
27/04/2023;Togo;Moderado;86;
27/04/2023;Trinidad and Tobago;Bom;30;
27/04/2023;Turkey;Muito insalubre;226;
27/04/2023;Turkmenistan;Moderado;63;
27/04/2023;Uganda;Moderado;59;
27/04/2023;Ukraine;Moderado;59;
27/04/2023;United Arab Emirates;Moderado;69;
27/04/2023;United Kingdom of Great Britain and Northern Ireland;Moderado;75;
27/04/2023;United States of America;Moderado;100;
27/04/2023;Uzbekistan;Moderado;59;
27/04/2023;Vatican;Bom;30;
27/04/2023;Venezuela;Bom;6;
27/04/2023;Vietnam;Insalubre para grupos sensíveis;117;
27/04/2023;Zambia;Bom;28;
04/05/2023;Albania;Bom;24;
04/05/2023;Algeria;Bom;34;
04/05/2023;Andorra;Bom;37;
04/05/2023;Angola;Insalubre para grupos sensíveis;106;
04/05/2023;Argentina;Bom;28;
04/05/2023;Armenia;Bom;14;
04/05/2023;Australia;Bom;34;
04/05/2023;Austria;Moderado;54;
04/05/2023;Azerbaijan;Bom;17;
04/05/2023;Bahrain;Moderado;59;
04/05/2023;Bangladesh;Insalubre para grupos sensíveis;135;
04/05/2023;Belarus;Bom;35;
04/05/2023;Belgium;Moderado;64;
04/05/2023;Belize;Moderado;51;
04/05/2023;Bermuda;Bom;42;
04/05/2023;Bolivia;Bom;15;
04/05/2023;Bosnia and Herzegovina;Moderado;56;
04/05/2023;Brazil;Moderado;97;
04/05/2023;Brunei;Bom;11;
04/05/2023;Bulgaria;Bom;24;
04/05/2023;Burkina Faso;Perigoso;316;
04/05/2023;Cambodia;Bom;30;
04/05/2023;Canada;Moderado;63;
04/05/2023;Cape Verde;Bom;18;
04/05/2023;Cayman Islands;Bom;50;
04/05/2023;Central African Republic;Bom;38;
04/05/2023;Chile;Insalubre;170;
04/05/2023;China;Insalubre;159;
04/05/2023;Colombia;Moderado;70;
04/05/2023;Costa Rica;Bom;39;
04/05/2023;Croatia;Bom;42;
04/05/2023;Cyprus;Moderado;60;
04/05/2023;Czech Republic;Moderado;89;
04/05/2023;Denmark;Bom;27;
04/05/2023;Dominican Republic;Bom;43;
04/05/2023;Ecuador;Bom;27;
04/05/2023;Egypt;Bom;33;
04/05/2023;El Salvador;Moderado;90;
04/05/2023;Estonia;Bom;24;
04/05/2023;Ethiopia;Insalubre;175;
04/05/2023;Finland;Bom;29;
04/05/2023;France;Moderado;63;
04/05/2023;French Guiana;Bom;48;
04/05/2023;Georgia;Bom;47;
04/05/2023;Germany;Moderado;55;
04/05/2023;Ghana;Moderado;55;
04/05/2023;Gibraltar;Bom;40;
04/05/2023;Greece;Moderado;59;
04/05/2023;Grenada;Bom;12;
04/05/2023;Guadeloupe;Bom;12;
04/05/2023;Guam;Bom;3;
04/05/2023;Guatemala;Insalubre para grupos sensíveis;148;
04/05/2023;Honduras;Insalubre;168;
04/05/2023;Hong Kong;Moderado;52;
04/05/2023;Iceland;Bom;39;
04/05/2023;India;Insalubre;181;
04/05/2023;Indonesia;Moderado;61;
04/05/2023;Iran;Insalubre para grupos sensíveis;104;
04/05/2023;Iraq;Insalubre;163;
04/05/2023;Ireland;Moderado;56;
04/05/2023;Israel;Moderado;86;
04/05/2023;Italy;Bom;40;
04/05/2023;Ivory Coast;Bom;30;
04/05/2023;Japan;Moderado;89;
04/05/2023;Jersey;Moderado;71;
04/05/2023;Jordan;Bom;38;
04/05/2023;Kazakhstan;Moderado;75;
04/05/2023;Kenya;Moderado;99;
04/05/2023;Kosovo;Bom;28;
04/05/2023;Kuwait;Moderado;55;
04/05/2023;Kyrgyzstan;Moderado;67;
04/05/2023;Laos;Moderado;96;
04/05/2023;Latvia;Bom;13;
04/05/2023;Lebanon;Moderado;70;
04/05/2023;Liberia;Bom;48;
04/05/2023;Liechtenstein;Bom;11;
04/05/2023;Lithuania;Bom;14;
04/05/2023;Luxembourg;Bom;44;
04/05/2023;Macao;Moderado;57;
04/05/2023;Macedonia;Bom;50;
04/05/2023;Madagascar;Moderado;54;
04/05/2023;Malaysia;Moderado;56;
04/05/2023;Malta;Bom;37;
04/05/2023;Martinique;Bom;17;
04/05/2023;Mexico;Insalubre;161;
04/05/2023;Moldova;Bom;15;
04/05/2023;Monaco;Bom;39;
04/05/2023;Mongolia;Moderado;66;
04/05/2023;Montenegro;Bom;20;
04/05/2023;Myanmar;Moderado;85;
04/05/2023;Nepal;Moderado;96;
04/05/2023;Netherlands;Moderado;51;
04/05/2023;New Caledonia;Moderado;59;
04/05/2023;New Zealand;Bom;26;
04/05/2023;Nigeria;Moderado;53;
04/05/2023;Norway;Bom;37;
04/05/2023;Pakistan;Insalubre para grupos sensíveis;107;
04/05/2023;Palestinian Territory;Bom;47;
04/05/2023;Peru;Bom;47;
04/05/2023;Philippines;Bom;33;
04/05/2023;Poland;Moderado;81;
04/05/2023;Portugal;Bom;30;
04/05/2023;Puerto Rico;Bom;16;
04/05/2023;Qatar;Bom;33;
04/05/2023;Reunion;Bom;15;
04/05/2023;Romania;Moderado;67;
04/05/2023;Russia;Moderado;57;
04/05/2023;San Marino;Bom;39;
04/05/2023;Saudi Arabia;Moderado;78;
04/05/2023;Senegal;Bom;50;
04/05/2023;Serbia;Moderado;75;
04/05/2023;Singapore;Bom;33;
04/05/2023;Slovakia;Bom;48;
04/05/2023;Slovenia;Bom;50;
04/05/2023;South Africa;Moderado;68;
04/05/2023;South Korea;Moderado;90;
04/05/2023;Spain;Moderado;56;
04/05/2023;Sri Lanka;Moderado;51;
04/05/2023;Sudan;Insalubre para grupos sensíveis;139;
04/05/2023;Sweden;Bom;31;
04/05/2023;Switzerland;Bom;23;
04/05/2023;Taiwan;Moderado;96;
04/05/2023;Tajikistan;Moderado;68;
04/05/2023;Thailand;Insalubre para grupos sensíveis;146;
04/05/2023;Togo;Insalubre para grupos sensíveis;111;
04/05/2023;Trinidad and Tobago;Bom;44;
04/05/2023;Turkey;Insalubre para grupos sensíveis;113;
04/05/2023;Turkmenistan;Bom;30;
04/05/2023;Uganda;Insalubre para grupos sensíveis;109;
04/05/2023;Ukraine;Moderado;58;
04/05/2023;United Arab Emirates;Moderado;69;
04/05/2023;United Kingdom of Great Britain and Northern Ireland;Moderado;75;
04/05/2023;United States of America;Moderado;85;
04/05/2023;Uzbekistan;Moderado;52;
04/05/2023;Vatican;Bom;38;
04/05/2023;Venezuela;Bom;25;
04/05/2023;Vietnam;Insalubre para grupos sensíveis;105;
11/05/2023;Albania;Bom;11;
11/05/2023;Algeria;Bom;34;
11/05/2023;Andorra;Bom;13;
11/05/2023;Angola;Insalubre para grupos sensíveis;117;
11/05/2023;Argentina;Bom;14;
11/05/2023;Armenia;Bom;22;
11/05/2023;Australia;Bom;41;
11/05/2023;Austria;Bom;38;
11/05/2023;Azerbaijan;Bom;35;
11/05/2023;Bahrain;Insalubre para grupos sensíveis;102;
11/05/2023;Bangladesh;Insalubre para grupos sensíveis;132;
11/05/2023;Belarus;Bom;38;
11/05/2023;Belgium;Moderado;73;
11/05/2023;Belize;Bom;28;
11/05/2023;Bermuda;Bom;13;
11/05/2023;Bolivia;Bom;14;
11/05/2023;Bosnia and Herzegovina;Bom;41;
11/05/2023;Brazil;Moderado;72;
11/05/2023;Brunei;Bom;10;
11/05/2023;Bulgaria;Bom;20;
11/05/2023;Burkina Faso;Perigoso;313;
11/05/2023;Cambodia;Moderado;53;
11/05/2023;Canada;Moderado;81;
11/05/2023;Cape Verde;Bom;36;
11/05/2023;Cayman Islands;Bom;24;
11/05/2023;Central African Republic;Moderado;70;
11/05/2023;Chile;Insalubre;176;
11/05/2023;China;Insalubre;153;
11/05/2023;Colombia;Moderado;71;
11/05/2023;Costa Rica;Moderado;54;
11/05/2023;Croatia;Bom;33;
11/05/2023;Cyprus;Moderado;55;
11/05/2023;Czech Republic;Moderado;68;
11/05/2023;Denmark;Bom;32;
11/05/2023;Dominican Republic;Moderado;54;
11/05/2023;Ecuador;Moderado;76;
11/05/2023;Egypt;Moderado;59;
11/05/2023;El Salvador;Insalubre;154;
11/05/2023;Estonia;Bom;39;
11/05/2023;Ethiopia;Insalubre para grupos sensíveis;131;
11/05/2023;Finland;Moderado;55;
11/05/2023;France;Bom;46;
11/05/2023;French Guiana;Bom;16;
11/05/2023;Georgia;Bom;44;
11/05/2023;Germany;Moderado;71;
11/05/2023;Ghana;Bom;47;
11/05/2023;Gibraltar;Bom;43;
11/05/2023;Greece;Bom;40;
11/05/2023;Grenada;Bom;25;
11/05/2023;Guadeloupe;Bom;13;
11/05/2023;Guam;Bom;2;
11/05/2023;Guatemala;Insalubre para grupos sensíveis;124;
11/05/2023;Honduras;Insalubre;186;
11/05/2023;Hong Kong;Moderado;71;
11/05/2023;Iceland;Bom;20;
11/05/2023;India;Muito insalubre;218;
11/05/2023;Indonesia;Moderado;61;
11/05/2023;Iran;Insalubre para grupos sensíveis;122;
11/05/2023;Iraq;Insalubre;153;
11/05/2023;Ireland;Bom;23;
11/05/2023;Israel;Moderado;94;
11/05/2023;Italy;Moderado;73;
11/05/2023;Ivory Coast;Bom;25;
11/05/2023;Japan;Moderado;87;
11/05/2023;Jersey;Bom;37;
11/05/2023;Jordan;Bom;35;
11/05/2023;Kazakhstan;Insalubre para grupos sensíveis;108;
11/05/2023;Kenya;Bom;41;
11/05/2023;Kosovo;Bom;38;
11/05/2023;Kuwait;Moderado;97;
11/05/2023;Kyrgyzstan;Moderado;61;
11/05/2023;Laos;Moderado;74;
11/05/2023;Latvia;Bom;15;
11/05/2023;Lebanon;Moderado;97;
11/05/2023;Liberia;Moderado;55;
11/05/2023;Liechtenstein;Bom;17;
11/05/2023;Lithuania;Bom;31;
11/05/2023;Luxembourg;Bom;29;
11/05/2023;Macao;Moderado;82;
11/05/2023;Macedonia;Bom;35;
11/05/2023;Madagascar;Moderado;81;
11/05/2023;Malaysia;Moderado;73;
11/05/2023;Malta;Bom;37;
11/05/2023;Martinique;Bom;34;
11/05/2023;Mexico;Insalubre para grupos sensíveis;142;
11/05/2023;Moldova;Bom;32;
11/05/2023;Monaco;Bom;26;
11/05/2023;Mongolia;Moderado;84;
11/05/2023;Montenegro;Bom;19;
11/05/2023;Myanmar;Moderado;60;
11/05/2023;Nepal;Insalubre para grupos sensíveis;113;
11/05/2023;Netherlands;Moderado;64;
11/05/2023;New Caledonia;Bom;31;
11/05/2023;New Zealand;Moderado;52;
11/05/2023;Nigeria;Moderado;74;
11/05/2023;Norway;Moderado;57;
11/05/2023;Pakistan;Moderado;97;
11/05/2023;Palestinian Territory;Moderado;54;
11/05/2023;Peru;Moderado;68;
11/05/2023;Philippines;Bom;40;
11/05/2023;Poland;Moderado;67;
11/05/2023;Portugal;Bom;31;
11/05/2023;Puerto Rico;Bom;20;
11/05/2023;Qatar;Moderado;56;
11/05/2023;Reunion;Bom;20;
11/05/2023;Romania;Moderado;59;
11/05/2023;Russia;Moderado;75;
11/05/2023;San Marino;Bom;38;
11/05/2023;Saudi Arabia;Bom;50;
11/05/2023;Senegal;Muito insalubre;284;
11/05/2023;Serbia;Moderado;55;
11/05/2023;Singapore;Bom;27;
11/05/2023;Slovakia;Bom;48;
11/05/2023;Slovenia;Bom;42;
11/05/2023;South Africa;Insalubre para grupos sensíveis;150;
11/05/2023;South Korea;Insalubre para grupos sensíveis;120;
11/05/2023;Spain;Moderado;63;
11/05/2023;Sri Lanka;Bom;47;
11/05/2023;Sudan;Insalubre para grupos sensíveis;149;
11/05/2023;Sweden;Moderado;59;
11/05/2023;Switzerland;Bom;17;
11/05/2023;Taiwan;Insalubre para grupos sensíveis;105;
11/05/2023;Tajikistan;Moderado;60;
11/05/2023;Thailand;Insalubre para grupos sensíveis;111;
11/05/2023;Togo;Moderado;69;
11/05/2023;Trinidad and Tobago;Moderado;56;
11/05/2023;Turkey;Moderado;97;
11/05/2023;Turkmenistan;Moderado;91;
11/05/2023;Uganda;Moderado;100;
11/05/2023;Ukraine;Moderado;58;
11/05/2023;United Arab Emirates;Moderado;79;
11/05/2023;United Kingdom of Great Britain and Northern Ireland;Bom;46;
11/05/2023;United States of America;Insalubre para grupos sensíveis;103;
11/05/2023;Uzbekistan;Moderado;57;
11/05/2023;Vatican;Bom;50;
11/05/2023;Venezuela;Bom;17;
11/05/2023;Vietnam;Modderado;94;
11/05/2023;Zambia;Modderado;67;
